Id,Venue,Latitude,Longitude,Category Tags
21st-amendment-bar,21st Amendment Bar,29.9547,-90.0672,Craft Cocktails; Live Music; Historic Bar; Tourist Behavior
acme-oyster-house,Acme Oyster House,29.9543,-90.0689,Seafood; Historic Restaurant; Tourist Essential; Local Institution
all-eyes-on-gaza-mural,All Eyes on Gaza Mural,29.9634,-90.057,Culture; Resistance Landmark
allways-lounge-cabaret,AllWays Lounge & Cabaret,29.9655,-90.0534,Live Music; Alternative; LGBTQ+; Underground
anna-s,Anna's,29.9658,-90.0528,Craft Cocktails; Dive Bar Adjacent; Local Institution; Underground
antoine-s-restaurant,Antoine's Restaurant,29.9566,-90.0667,Grand Dame; Historic Restaurant; Fine Dining; Old New Orleans
apple-barrel,Apple Barrel,29.9629,-90.0576,Dive Bar; Live Music; Underground; Late Night
arcadian-books-prints,Arcadian Books & Prints,29.9583,-90.0649,Shopping; Hidden Gem; Weird
arnaud-s,Arnaud's,29.9559,-90.0685,Grand Dame; Historic Restaurant; Fine Dining; Cocktail History
aunt-tiki-s,Aunt Tiki's,29.9613,-90.0596,Dive Bar; Underground; Open After 2AM
b-mac-s,B Mac's,29.9568,-90.0678,Dive Bar; Hidden Gem; Local Institution
backstreet-cultural-museum,Backstreet Cultural Museum,29.9654,-90.0647,Culture; Hidden Gem; Local Institution
balcony-music-club-bmc,Balcony Music Club (BMC),29.9621,-90.0583,Live Music; Tourist Behavior; Late Night
bamboula-s,Bamboula's,29.9621,-90.0581,Live Music; Jazz Essential; Tourist Behavior; Casual Dining
bar-tonique,Bar Tonique,29.9618,-90.0694,Craft Cocktails; Local Institution; Hidden Gem
barrister-s-gallery,Barrister's Gallery,29.961,-90.0632,Shopping; Culture; Hidden Gem
beachbum-berry-s-latitude-29,Beachbum Berry's Latitude 29,29.9554,-90.0673,Craft Cocktails; Tourist Behavior
beauregard-keyes-house,Beauregard-Keyes House,29.9611,-90.06,Historic Site; Haunted; Culture
beckham-s-bookshop,Beckham's Bookshop,29.9588,-90.0646,Shopping; Culture; Hidden Gem
black-penny,Black Penny,29.9619,-90.0696,Craft Cocktails; Dive Bar; Local Institution
blue-nile,Blue Nile,29.9627,-90.0578,Live Music; Late Night; Culture
boutique-du-vampyre,Boutique du Vampyre,29.9594,-90.0632,Occult; Gothic; Tourist Behavior
brennan-s,Brennan's,29.9564,-90.0664,Grand Dame; Fine Dining; Historic Restaurant
buffa-s-bar-restaurant,Buffa's Bar & Restaurant,29.9657,-90.0616,Live Music; Local Institution; Dive Bar; Late Night Food
cabildo,Cabildo,29.9577,-90.0633,Historic Site; Culture; First Timer Essential
cafe-beignet-royal-st,Cafe Beignet (Royal St),29.956,-90.0667,Tourist Essential; Historic Site; Culture
cafe-lafitte-in-exile,Cafe Lafitte in Exile,29.9604,-90.0645,Dive Bar; LGBTQ+; Historic Bar; 24 Hours
cafe-negril,Cafe Negril,29.9631,-90.0573,Live Music; Late Night
caf-du-monde,Café du Monde,29.9575,-90.0618,First Timer Essential; Local Institution; Historic Site; 24 Hours; Cheap Eats
cane-and-table,Cane and Table,29.9606,-90.061,Craft Cocktails; Fine Dining; Hidden Gem
carousel-bar-lounge,Carousel Bar & Lounge,29.9538,-90.0678,Historic Bar; Tourist Essential; Craft Cocktails
clover-grill,Clover Grill,29.9595,-90.0642,24 Hours; Dive Bar Adjacent; LGBTQ+; Late Night Food
congo-square,Congo Square,29.9625,-90.0675,Historic Site; Culture; Authentic Cultural Practice
cosimo-s,Cosimo's,29.9631,-90.0637,Dive Bar; Local Institution; Hidden Gem
croissant-d-or-patisserie,Croissant d'Or Patisserie,29.9609,-90.0617,Historic Site; Hidden Gem; Rainy Day Option
cure,Cure,29.9367,-90.1039,Craft Cocktails; Fine Dining
degas-house,Degas House,29.9675,-90.0764,Historic Site; Culture; Hidden Gem
deja-vu-bar-grill,Deja Vu Bar & Grill,29.9572,-90.0688,Dive Bar; 24 Hours; Late Night Food
envie-espresso-bar-cafe,Envie Espresso Bar & Cafe,29.961,-90.0602,Local Institution; Late Night Food; Dive Bar Adjacent
erin-rose,Erin Rose,29.9582,-90.0674,Dive Bar; Local Institution; Late Night
erzulie-s-authentic-voodoo,Erzulie's Authentic Voodoo,29.96,-90.0636,Occult; Local Institution
factory-of-weird,Factory of Weird,29.9608,-90.0601,Shopping; Alternative; Weird
faulkner-house-books,Faulkner House Books,29.9572,-90.0638,Shopping; Culture; First Timer Essential
fleur-de-paris,Fleur de Paris,29.9585,-90.0638,Shopping; Hidden Gem
fleurty-girl,Fleurty Girl,29.9587,-90.0649,Shopping; Tourist Behavior
forever-new-orleans,Forever New Orleans,29.9575,-90.0642,Shopping; Tourist Behavior
french-75-bar,French 75 Bar,29.9558,-90.0684,Craft Cocktails; Historic Bar; Grand Dame; Cocktail History
french-market,French Market,29.9594,-90.0603,Historic Site; Tourist Essential
frenchmen-art-books,Frenchmen Art & Books,29.9632,-90.0575,Shopping; Culture; Local Institution
frenchmen-art-bazaar,Frenchmen Art Bazaar,29.9634,-90.0573,Shopping; Culture; Local Institution
fritzel-s-european-jazz-pub,Fritzel's European Jazz Pub,29.9589,-90.0659,Live Music; Jazz Essential; First Timer Essential
gw-fins,GW Fins,29.956,-90.0677,Fine Dining; Seafood
galatoire-s-restaurant,Galatoire's Restaurant,29.9557,-90.0683,Grand Dame; Historic Restaurant; Fine Dining; Old New Orleans
gallier-house,Gallier House,29.9602,-90.0617,Historic Site; Culture; Hidden Gem
golden-lantern,Golden Lantern,29.962,-90.0594,Dive Bar; LGBTQ+; Local Institution
harry-s-corner,Harry's Corner,29.9592,-90.0617,Dive Bar; Local Institution
haus-of-hoodoo,Haus of Hoodoo,29.9328,-90.0768,Occult; Authentic Cultural Practice
hemline-french-quarter,Hemline French Quarter,29.9572,-90.0652,Shopping
hermann-grima-house,Hermann-Grima House,29.9573,-90.0683,Historic Site; Culture; Old New Orleans
hex-old-world-witchery,Hex: Old World Witchery,29.9602,-90.0613,Occult; Witchcraft; Alternative
hi-ho-lounge,Hi-Ho Lounge,29.9652,-90.0537,Live Music; Underground; Alternative; Late Night
house-of-blues-new-orleans,House of Blues New Orleans,29.9531,-90.0663,Live Music; Tourist Essential
hove-parfumeur,Hove Parfumeur,29.9575,-90.0635,Shopping; Local Institution
island-of-salvation-botanica,Island of Salvation Botanica,29.9676,-90.0505,Occult; Authentic Cultural Practice; Local Institution
jackson-square,Jackson Square,29.9574,-90.0629,Historic Site; First Timer Essential; Culture
jean-lafitte-national-historical-park-and-preserve,Jean Lafitte National Historical Park and Preserve,29.9574,-90.0625,Historic Site; Culture; First Timer Essential
jewel-of-the-south,Jewel of the South,29.9571,-90.0679,Craft Cocktails; Fine Dining; Old New Orleans
joan-of-arc-statue,Joan of Arc Statue,29.9586,-90.0595,Historic Site; Culture; Hidden Gem
johnny-white-s-corner-pub,Johnny White's Corner Pub,29.9592,-90.0658,Dive Bar; 24 Hours; Local Institution
kermit-s-treme-mother-in-law-lounge,Kermit's Treme Mother-in-Law Lounge,29.9688,-90.0658,Live Music; Authentic Cultural Practice; Local Institution; Hidden Gem
killer-poboys,Killer Poboys,29.9584,-90.0673,Cheap Eats; Hidden Gem; Local Institution
lafitte-s-blacksmith-shop,Lafitte's Blacksmith Shop,29.9604,-90.0634,Historic Bar; Haunted; First Timer Essential; Tourist Behavior
louis-armstrong-park,Louis Armstrong Park,29.9622,-90.0664,Historic Site; Culture
louisiana-music-factory,Louisiana Music Factory,29.9582,-90.0647,Shopping; Live Music; Culture
m-s-rau-antiques,M.S. Rau Antiques,29.9584,-90.0646,Historic Site; Culture
mrb,MRB,29.9602,-90.0621,Dive Bar; Late Night Food; Underground
madame-john-s-legacy,Madame John's Legacy,29.9597,-90.0622,Historic Site; Architecture; Old New Orleans
mahogany-jazz-hall,Mahogany Jazz Hall,29.9584,-90.0645,Live Music; Jazz Essential
maison-bourbon-jazz-club,Maison Bourbon Jazz Club,29.9571,-90.0662,Live Music; Tourist Essential
mamou,Mamou,29.9555,-90.0679,Fine Dining; Hidden Gem
manolito,Manolito,29.9593,-90.0632,Craft Cocktails; Hidden Gem
marie-laveau-s-house-of-voodoo,Marie Laveau's House of Voodoo,29.9585,-90.0662,Occult; Tourist Essential; Voodoo Culture
misfit-toys,Misfit Toys,29.9618,-90.0632,Dive Bar; Hidden Gem
molly-s-at-the-market,Molly's at the Market,29.9608,-90.0611,Dive Bar; Local Institution; Late Night
moonwalk-riverfront-park,Moonwalk Riverfront Park,29.9577,-90.0607,Historic Site; Tourist Behavior
museum-of-death-new-orleans,Museum of Death New Orleans,29.9568,-90.0683,Alternative; Weird; Tourist Behavior
museum-of-the-southern-jewish-experience,Museum of the Southern Jewish Experience,29.9495,-90.0689,Culture; Historic Site
new-orleans-historic-voodoo-museum,New Orleans Historic Voodoo Museum,29.9595,-90.0653,Historic Site; Occult; Culture
new-orleans-jazz-museum,New Orleans Jazz Museum,29.9616,-90.0583,Culture; Historic Site
new-orleans-pharmacy-museum,New Orleans Pharmacy Museum,29.956,-90.0658,Historic Site; Weird; Dark Tourism; Hidden Gem
new-orleans-workers-center-for-racial-justice,New Orleans Workers Center for Racial Justice,29.9328,-90.0768,Culture; Resistance Landmark; Local Institution
no-rules-fashion,No Rules Fashion,29.9599,-90.0628,Shopping; Alternative; Gothic
oceana-grill,Oceana Grill,29.9564,-90.0681,Tourist Essential; Seafood
old-ursuline-convent,Old Ursuline Convent,29.9606,-90.0607,Historic Site; Culture; Old New Orleans
palm-pine,Palm & Pine,29.96,-90.0712,Fine Dining; Late Night Food
pat-o-brien-s,Pat O'Brien's,29.958,-90.0655,Historic Bar; Tourist Essential; Live Music
path-of-awakenings,Path of Awakenings,29.9642,-90.0637,Occult; Authentic Cultural Practice; Local Institution
perlis-clothing,Perlis Clothing,29.9565,-90.067,Shopping; Local Institution
peychaud-s,Peychaud's,29.9575,-90.0655,Craft Cocktails; Historic Bar; Hidden Gem
preservation-hall,Preservation Hall,29.9583,-90.0652,Live Music; Jazz Essential; Historic Site; First Timer Essential
r-bar,R Bar,29.9635,-90.0573,Dive Bar; Local Institution; Alternative
reverend-zombie-s-voodoo-shop,Reverend Zombie's Voodoo Shop,29.9587,-90.0651,Occult; Tourist Behavior
road-kill,Road Kill,29.9599,-90.0619,Alternative; Punk; Underground
santos-bar,Santos Bar,29.9618,-90.0604,Punk; Dive Bar; Alternative; Live Music
snug-harbor-jazz-bistro,Snug Harbor Jazz Bistro,29.9633,-90.0571,Live Music; Jazz Essential; Local Institution
spitfire-coffee,Spitfire Coffee,29.9583,-90.0645,Hidden Gem; Craft Coffee; Solo Traveler Friendly
st-louis-cathedral,St. Louis Cathedral,29.9579,-90.0637,Historic Site; First Timer Essential; Architecture
st-louis-cemetery-no-1,St. Louis Cemetery No. 1,29.9593,-90.0706,Historic Site; Haunted; Tourist Essential
starling-magickal-occult-shop,Starling Magickal Occult Shop,29.9608,-90.0614,Occult; Witchcraft; Local Institution
steamboat-natchez,Steamboat NATCHEZ,29.9555,-90.0616,Historic Site; Tourist Essential
studio-be,Studio BE,29.9667,-90.0503,Culture; Alternative; Underground
sylvain,Sylvain,29.9579,-90.0646,Fine Dining; Hidden Gem
the-abbey,The Abbey,29.962,-90.0594,Dive Bar; Underground; Late Night
the-alibi,The Alibi,29.9546,-90.0688,Dive Bar; Late Night Food; Industry Favorite; 24 Hours
the-bombay-club,The Bombay Club,29.9576,-90.0673,Craft Cocktails; Live Music; Jazz Essential; Hidden Gem
the-chart-room,The Chart Room,29.9567,-90.0657,Dive Bar; Local Institution
the-dungeon,The Dungeon,29.9587,-90.0664,Goth; Underground; Late Night
the-elysian-bar,The Elysian Bar,29.965,-90.055,Craft Cocktails; Instagrammable; Fine Dining
the-jimani,The Jimani,29.9535,-90.0673,Dive Bar; Late Night Food; Local Institution
the-lalaurie-mansion,The LaLaurie Mansion,29.9616,-90.0607,Historic Site; Haunted; Dark Tourism
the-maison,The Maison,29.9625,-90.0579,Live Music; Late Night
the-mardi-gras-museum,The Mardi Gras Museum,29.9589,-90.0669,Culture; Tourist Behavior
the-pontalba-buildings,The Pontalba Buildings,29.9575,-90.062,Historic Site; Architecture; First Timer Essential
the-presbyt-re,The Presbytère,29.9577,-90.0631,Historic Site; Culture; Architecture
the-royal-art-gallery,The Royal Art Gallery,29.958,-90.064,Shopping; Culture
the-sazerac-house,The Sazerac House,29.9515,-90.0682,Culture; Tourist Essential; Cocktail History
the-spice-tea-exchange-of-new-orleans,The Spice & Tea Exchange of New Orleans,29.9589,-90.065,Shopping; Tourist Behavior
the-spotted-cat-music-club,The Spotted Cat Music Club,29.9632,-90.0574,Live Music; Jazz Essential
the-will-the-way,The Will & The Way,29.9572,-90.0652,Craft Cocktails; Hidden Gem; Local Institution
three-legged-dog,Three Legged Dog,29.9567,-90.0694,Dive Bar; Late Night Food; Local Institution; 24 Hours
three-muses,Three Muses,29.9626,-90.0577,Live Music; Jazz Essential; Craft Cocktails; Local Institution
toulouse-bar,Toulouse Bar,29.9619,-90.0646,Dive Bar
toulouse-theatre,Toulouse Theatre,29.957,-90.0654,Live Music
trashy-diva,Trashy Diva,29.9578,-90.0641,Shopping
tujague-s,Tujague's,29.9559,-90.0623,Historic Bar; Cocktail History; First Timer Essential
turtle-bay,Turtle Bay,29.9603,-90.0602,Dive Bar; Late Night Food; Local Institution
u-s-custom-house,U.S. Custom House,29.9525,-90.0661,Historic Site; Architecture
verti-marte,Verti Marte,29.9615,-90.0601,Late Night Food; Cheap Eats; Local Institution; 24 Hours
voodoo-authentica,Voodoo Authentica,29.9592,-90.0628,Occult; Authentic Cultural Practice
voodoo-lounge,Voodoo Lounge,29.9604,-90.0677,Dive Bar; Local Institution; 24 Hours
voodoo-spiritual-temple,Voodoo Spiritual Temple,29.9653,-90.0647,Occult; Authentic Cultural Practice; Underground
washington-artillery-park,Washington Artillery Park,29.9571,-90.0623,Historic Site; Tourist Behavior
d-b-a,d.b.a.,29.9634,-90.057,Live Music; Jazz Essential; Local Institution
bank-of-louisiana,Bank of Louisiana,29.9558,-90.0667,Architecture; Historic Site
louisiana-state-bank-building,Louisiana State Bank Building,29.9555,-90.0670,Architecture; Historic Site
louisiana-supreme-court-building,Louisiana Supreme Court Building & Law Library,29.9557,-90.0660,Architecture; Historic Site; Free Admission
historic-new-orleans-collection,The Historic New Orleans Collection,29.9569,-90.0656,Museum; Historic Site; Architecture; Free Admission
gallier-hall,Gallier Hall,29.9463,-90.0714,Architecture; Historic Site
hibernia-bank-building,Hibernia Bank Building,29.9517,-90.0714,Architecture; Historic Site
new-orleans-cotton-exchange,New Orleans Cotton Exchange,29.9519,-90.0713,Architecture; Historic Site
hennen-building,Hennen Building,29.9525,-90.0714,Architecture; Historic Site
john-minor-wisdom-courthouse,John Minor Wisdom U.S. Court of Appeals Building,29.9477,-90.0692,Architecture; Historic Site
lee-circle,Lee Circle (Tivoli Circle),29.9431,-90.0722,Historic Site
plaza-tower,Plaza Tower,29.9464,-90.0767,Architecture; Weird
hancock-whitney-center,Hancock Whitney Center,29.9502,-90.0711,Architecture
caesars-superdome,Caesars Superdome,29.9508,-90.0811,Architecture; Historic Site
immaculate-conception-church,Immaculate Conception Church (Jesuit Church),29.9535,-90.0715,Historic Site; Architecture; Free Admission
st-patrick-s-church,St. Patrick's Church,29.9466,-90.0698,Historic Site; Architecture; Free Admission
our-lady-of-guadalupe-shrine-of-st-jude,Our Lady of Guadalupe Church & International Shrine of St. Jude,29.9585,-90.0707,Historic Site; Architecture; Free Admission
st-augustine-church,St. Augustine Church,29.9652,-90.0662,Historic Site; Culture; Free Admission
st-louis-cemetery-no-2,St. Louis Cemetery No. 2,29.9606,-90.0756,Historic Site; Cemetery; Haunted
perseverance-hall,Perseverance Hall,29.9628,-90.0678,Historic Site; Hidden Gem
bourbon-street,Bourbon Street,29.9590,-90.0653,Iconic Street; Tourist Essential
royal-street,Royal Street,29.9596,-90.0633,Iconic Street; Architecture; Shopping
frenchmen-street,Frenchmen Street,29.9618,-90.0577,Iconic Street; Live Music
esplanade-avenue,Esplanade Avenue,29.9632,-90.0598,Iconic Street; Architecture; Historic Site
st-charles-streetcar-line,St. Charles Streetcar Line,29.9540,-90.0703,Historic Site; Architecture
jax-brewery,Jax Brewery,29.9561,-90.0633,Historic Site; Shopping; Architecture
woldenberg-park,Woldenberg Park,29.9533,-90.0630,Park; Riverfront; Family-Friendly
spanish-plaza,Spanish Plaza,29.9490,-90.0627,Park; Architecture; Riverfront
piazza-d-italia,Piazza d'Italia,29.9478,-90.0664,Park; Architecture; Hidden Gem
lafayette-square,Lafayette Square,29.9483,-90.0703,Park; Historic Site
washington-square-park,Washington Square Park,29.9650,-90.0573,Park; Local Institution
crescent-park,Crescent Park,29.9618,-90.0548,Park; Riverfront; Hidden Gem
confederate-memorial-hall-museum,Confederate Memorial Hall Museum,29.9434,-90.0713,Museum; Historic Site
national-wwii-museum,The National WWII Museum,29.9431,-90.0703,Museum; Family-Friendly; Tourist Essential
ogden-museum-of-southern-art,Ogden Museum of Southern Art,29.9437,-90.0714,Museum; Art
contemporary-arts-center,Contemporary Arts Center (CAC),29.9437,-90.0728,Museum; Art
mardi-gras-world,Mardi Gras World,29.9351,-90.0615,Tourist Activity; Family-Friendly; Culture
audubon-aquarium-and-insectarium,Audubon Aquarium and Insectarium,29.9503,-90.0631,Museum; Family-Friendly; Tourist Essential
american-italian-cultural-center,American Italian Cultural Center & Museum,29.9476,-90.0660,Museum; Culture
irish-cultural-museum-of-new-orleans,Irish Cultural Museum of New Orleans,29.9574,-90.0692,Museum; Culture; Hidden Gem
1850-house,1850 House,29.9596,-90.0630,Museum; Historic Site
new-orleans-african-american-museum,New Orleans African American Museum,29.9665,-90.0679,Museum; Culture
le-musee-de-fpc,Le Musée de f.p.c.,29.9739,-90.0757,Museum; Culture; Hidden Gem
save-our-cemeteries-walking-tours,Save Our Cemeteries Walking Tours,29.9585,-90.0707,Walking Tour; Cemetery Tour
haunted-history-tours,Haunted History Tours,29.9584,-90.0652,Walking Tour; Ghost Tour
french-quarter-phantoms,French Quarter Phantoms,29.9604,-90.0677,Walking Tour; Ghost Tour
gray-line-new-orleans,Gray Line New Orleans,29.9555,-90.0616,Guided Tour; Riverboat
new-orleans-school-of-cooking,New Orleans School of Cooking,29.9555,-90.0648,Tourist Activity; Cooking Class; Family-Friendly
riverwalk-marketplace,Riverwalk Marketplace,29.9478,-90.0625,Shopping; Family-Friendly
canal-place,Canal Place,29.9512,-90.0649,Shopping
creole-queen-riverboat,Creole Queen Riverboat,29.9483,-90.0635,Riverboat Cruise; Tourist Essential
the-fillmore-new-orleans,The Fillmore New Orleans,29.9497,-90.0653,Live Music
caesars-new-orleans-casino,Caesars New Orleans (Casino),29.9495,-90.0653,Tourist Activity; Casino
the-escape-game-new-orleans,The Escape Game New Orleans,29.9530,-90.0655,Escape Room; Family-Friendly
clue-carre,Clue Carré,29.9515,-90.0723,Escape Room
basin-st-station,Basin St. Station,29.9597,-90.0707,Visitor Center; Historic Site; Free Admission
carver-theater,Carver Theater,29.9671,-90.0767,Historic Site; Live Performance
le-petit-theatre-du-vieux-carre,Le Petit Théâtre du Vieux Carré,29.9575,-90.0642,Live Performance; Historic Site
saenger-theatre,Saenger Theatre,29.9558,-90.0728,Live Performance; Historic Site; Architecture
orpheum-theater,Orpheum Theater,29.9544,-90.0725,Live Performance; Historic Site
civic-theatre,Civic Theatre,29.9495,-90.0742,Live Performance
joy-theater,Joy Theater,29.9564,-90.0740,Live Performance; Historic Site
mahalia-jackson-theater,Mahalia Jackson Theater for the Performing Arts,29.9631,-90.0693,Live Performance
marigny-opera-house,Marigny Opera House,29.9650,-90.0491,Live Performance; Historic Site; Architecture
st-roch-market,St. Roch Market,29.9694,-90.0522,Historic Site; Market; Hidden Gem
antoines,Antoine's,29.956698,-90.066479,Fine Dining; Creole; Historic Restaurant
broussards,Broussard's,29.9566,-90.0682,Fine Dining; Creole; Historic Restaurant
galatoires,Galatoire's,29.954935,-90.069008,Fine Dining; Creole; Historic Restaurant
central-grocery,Central Grocery,29.958811,-90.06109,Historic Restaurant; Sandwiches; Muffuletta
mr-bs-bistro,Mr. B's Bistro,29.954259,-90.068271,Creole; Fine Dining; Brunch
bayona,Bayona,29.957394,-90.068083,Fine Dining; Creole
bennachin,Bennachin,29.962229,-90.060897,African Cuisine
cafe-envie,Cafe Envie,29.961446,-90.058714,Cafe; Coffee
coops-place,Coop's Place,29.960149,-90.059891,Cajun; Casual; Fried Chicken
felipes-taqueria,Felipe's Taquería,29.95341,-90.065191,Mexican
felixs-restaurant-oyster-bar,Felix's Restaurant & Oyster Bar,29.954616,-90.068858,Seafood; Oysters; Casual
jimani,Jimani,29.953457,-90.067525,Bar; Late Night
johnnys-po-boys,Johnny's Po-Boys,29.955399,-90.064475,Sandwiches; Po-boys; Casual
mona-lisa,Mona Lisa,29.962159,-90.06098,Italian; Pizza
port-of-call,Port of Call,29.964478,-90.061685,Burgers; Casual
yo-mamas-bar-and-grill,Yo Mama's Bar and Grill,29.958465,-90.065314,Burgers; Bar
rampart-treehouse,Rampart Treehouse,29.96113,-90.06756,Bar; Pizza; Craft Cocktails
ccs-coffee-house-royal,CC's Coffee House,29.960424,-90.062713,Coffee
croissant-dor,Croissant d'Or,29.960901,-90.061281,Bakery; Cafe; French
french-market-restaurant-bar,French Market Restaurant and Bar,29.959272,-90.060699,Seafood; Happy Hour
el-gato-negro,El Gato Negro,29.960954,-90.058494,Mexican
green-goddess,Green Goddess,29.954728,-90.06705,New American
gumbo-shop,Gumbo Shop,29.957714,-90.064483,Creole; Casual
italian-barrel,Italian Barrel,29.961334,-90.058607,Italian
louisiana-pizza-kitchen,Louisiana Pizza Kitchen,29.961112,-90.058263,Pizza
remoulade,Remoulade,29.955691,-90.06837,Creole; Casual
stanley,Stanley,29.958275,-90.062965,Casual; Breakfast
nola-restaurant,NOLA,29.955443,-90.064727,Creole; Fine Dining
court-of-two-sisters,Court of Two Sisters,29.957509,-90.065242,Creole; Brunch; Live Music
doris-metropolitan,Doris Metropolitan,29.957009,-90.064101,Steakhouse; Fine Dining
menas-palace,Mena's Palace,29.953473,-90.067198,Southern; Casual
dian-xin,Dian Xin,29.954161,-90.068484,Chinese; Dim Sum
restaurant-revolution,Restaurant R'evolution,29.955369,-90.068097,Creole; Fine Dining
cafe-amelie,Café Amelie,29.959616,-90.063133,Creole; Courtyard
pierre-masperos,Pierre Maspero's,29.955682,-90.065221,Creole; Casual; Historic Restaurant
vampire-cafe,Vampire Cafe,29.959027,-90.064036,Novelty; Cafe; Bar
fives-bar,Fives Bar,29.954857,-90.067687,Oysters; Bar
muriels-jackson-square,Muriel's Jackson Square,29.958425,-90.063086,Creole; Fine Dining; Historic Restaurant
meauxbar,Meauxbar,29.962760,-90.066114,French Bistro
irenes-cuisine,Irene's Cuisine,29.959490,-90.061015,Italian; Creole
tableau,Tableau,29.957392,-90.064001,French; Creole; Fine Dining
vacherie,Vacherie,29.958389,-90.067017,Cajun
kingfish,Kingfish Kitchen & Cocktails,29.954621,-90.066401,Creole; Craft Cocktails
criollo,Criollo,29.954188,-90.067944,Creole
succotash-nola,Succotash,29.961981,-90.066478,Seafood; Southern
patula,Patula,29.964513,-90.057814,Bistro
antoinettes,Antoinette's Coffee House,29.958881,-90.062421,Coffee; Cafe
tatlo,Tatlo,29.959035,-90.065259,Filipino
angeline,Angeline,29.960132,-90.061265,Southern; New American
holywater,Holywater,29.955225,-90.066453,Bar; Wine Bar
blue-bayou-restaurant,Blue Bayou Restaurant and Oyster Bar,29.959035,-90.065259,Seafood; Cajun
landrys-seafood,Landry's Seafood House,29.954429,-90.064788,Seafood
deanies-seafood,Deanie's Seafood,29.955326,-90.069928,Seafood; Casual
olde-new-orleans-cookery,Olde New Orleans Cookery,29.955758,-90.067121,Creole; Cajun; Casual
pelican-club,Pelican Club,29.954578,-90.066924,Creole; Fine Dining
cafe-pontalba,Cafe Pontalba,29.957272,-90.063846,Creole; Casual
cafe-beignet,Cafe Beignet,29.955217,-90.066967,Cafe; Beignets
mambos,Mambo's,29.956564,-90.067578,Cuban
hard-rock-cafe-nola,Hard Rock Cafe,29.954933,-90.064184,American; Casual
riverboat-city-of-new-orleans,Riverboat City of New Orleans,29.955186,-90.062275,Dining Cruise
bourbon-heat,Bourbon Heat,29.958916,-90.065603,Bar; Late Night
crescent-city-brewhouse,Crescent City Brewhouse,29.955627,-90.063989,Brewery; Live Music
red-fish-grill,Red Fish Grill,29.954368,-90.069552,Seafood
bourbon-house,Bourbon House,29.954193,-90.069434,Seafood; Oysters
desire-oyster-bar,Desire Oyster Bar,29.955698,-90.067817,Oysters; Cajun
pier-424-seafood,Pier 424 Seafood Market Restaurant,29.956724,-90.067229,Seafood
cornet,Cornet,29.958610,-90.065564,Bar
carousel-bar,The Carousel Bar & Lounge,29.954162,-90.068069,Historic Bar; Craft Cocktails; Rotating Bar
chandelier-bar,Chandelier Bar,29.948954,-90.063532,Craft Cocktails; Martini Bar
pat-obriens,Pat O'Brien's Bar,29.958244,-90.065223,Historic Bar; Live Music; Tourist Landmark
napoleon-house,Napoleon House,29.955862,-90.065162,Historic Bar; Creole; Classic Cocktails
fritzels,Fritzels,29.959299,-90.06514,Live Music; Jazz Bar
kerry-irish-pub,Kerry Irish Pub,29.954244,-90.065207,Irish Pub
mollys-on-toulouse,Molly's On Toulouse,29.957649,-90.0662,Irish Pub
oz-nola,Oz,29.959499,-90.064789,Gay Bar; Dance Club; Late Night
bourbon-pub-parade,Bourbon Pub & Parade,29.95958,-90.064885,Gay Bar; Dance Club
tropical-isle,Tropical Isle,29.95786,-90.066259,Tourist Bar; Late Night; Signature Drinks
brieux-carre,Brieux Carré,29.962653,-90.057233,Brewery
jazz-playhouse,Irvin Mayfield's Jazz Playhouse,29.955698,-90.067817,Live Music; Jazz
maison-bourbon,Maison Bourbon,29.95856,-90.065784,Live Music; Jazz
palm-court-jazz-cafe,Palm Court Jazz Cafe,29.960789,-90.059077,Live Music; Jazz; Dinner
toulouse-dive-bar,Toulouse Dive Bar,29.957639,-90.066261,Dive Bar
boondock-saint,Boondock Saint,29.954338,-90.068436,Irish Pub
latitude-29,Latitude 29,29.953681,-90.065101,Tiki Bar; Craft Cocktails
effervescence,Effervescence,29.963428,-90.065410,Craft Cocktails; Champagne Bar
the-corner-pocket,The Corner Pocket,29.958144,-90.068855,Gay Bar
good-friends-bar,Good Friends Bar,29.959951,-90.065756,Gay Bar
cats-meow,Cat's Meow,29.958715,-90.065675,Karaoke Bar; Late Night
boot-scootin-rodeo,Boot Scootin' Rodeo,29.959035,-90.065259,Bar; Live Music
house-of-blues-nola,House of Blues,29.953203,-90.066080,Live Music; Bar; Restaurant
bourbon-o-bar,Bourbon O Bar,29.959111,-90.065106,Craft Cocktails
21st-amendment-la-louisiane,21st Amendment at La Louisiane,29.954508,-90.068701,Craft Cocktails
carmo,Carmo,29.945614,-90.069833,Vegetarian-friendly; Casual; Tropical
annunciation-restaurant,Annunciation,29.941496,-90.067595,Creole; Cajun; Fine Dining
mulates,Mulate's,29.944519,-90.064926,Cajun; Live Music
desi-vegas,Desi Vega's Steakhouse,29.947595,-90.071076,Steakhouse
luke-restaurant,Luke,29.950758,-90.070352,Creole; Brasserie
trenasse,Trenasse,29.950337,-90.069713,Seafood; Southern
sobou,SoBou,29.954435,-90.066373,Creole; Craft Cocktails; Happy Hour
two-chicks-cafe,Two Chicks Café,29.942038,-90.065120,Breakfast; Cajun; Casual
city-greens,City Greens,29.950585,-90.073781,Casual; Healthy
la-boca,La Boca,29.943569,-90.065426,Steakhouse; Argentine
merchant,Merchant,29.952712,-90.071134,Cafe; Casual
grill-room-windsor-court,Grill Room at Windsor Court Hotel,29.949476,-90.066353,Fine Dining
herbsaint,Herbsaint,29.947272,-90.071418,Fine Dining; French; Southern
palace-cafe,Palace Cafe,29.952911,-90.068176,Creole; Seafood
restaurant-august,Restaurant August,29.949951,-90.066734,Fine Dining; French; Creole
gordon-biersch,Gordon Biersch,29.948029,-90.065012,Brewery; Casual
lucys-retired-surfer-bar,Lucy's Retired Surfer Bar,29.946399,-90.067510,Bar; Happy Hour
sazerac-bar,Sazerac Bar,29.953937,-90.071655,Historic Bar; Craft Cocktails
whiskey-blue,Whiskey Blue,29.948999,-90.066422,Craft Cocktails; Hotel Bar
little-gem-saloon,Little Gem Saloon,29.950865,-90.075010,Live Music; Bar
lufu-nola,Lufu NOLA,29.960276,-90.059778,Indian
chophouse-new-orleans,Chophouse New Orleans,29.949921,-90.067720,Steakhouse
cellar-door,Cellar Door,29.952500,-90.072598,Craft Cocktails
qc-hotel-bar,Q&C Hotel Bar,29.950055,-90.069002,Craft Cocktails; Hotel Bar
loft-523-bar,Loft 523 Bar,29.950851,-90.068219,Hotel Bar; Craft Cocktails
the-press-room-eliza-jane,The Press Room,29.950398,-90.067735,Hotel Bar; Craft Cocktails
canopy-rooftop-bar,Canopy by Hilton Rooftop Bar,29.953777,-90.073240,Rooftop Bar
fountain-lounge,Fountain Lounge,29.954493,-90.072220,Live Music; Hotel Bar
monkey-board,Monkey Board,29.953415,-90.074675,Rooftop Bar; Craft Cocktails
alto-ace-hotel,Alto,29.948319,-90.071948,Rooftop Bar; Craft Cocktails
espiritu,Espíritu,29.941736,-90.069619,Indian; Fusion
mothers-restaurant,Mother's Restaurant,29.949029,-90.067178,Po-boys; Casual; Historic Restaurant
sushi-by-us,Sushi by Us,29.948140,-90.074233,Sushi; Japanese
beacon-south-market,Beacon at South Market,29.948140,-90.074233,Cafe; Casual
dahla,Dahla,29.948140,-90.074233,Casual
emerils,Emeril's,29.9447,-90.0673,Fine Dining; Creole
meril,Meril,29.946545,-90.068238,New American; Casual
gianna,Gianna,29.946605,-90.068635,Italian; Fine Dining
peche-seafood-grill,Pêche Seafood Grill,29.9452,-90.0691,Seafood; Fine Dining
cochon,Cochon,29.942222,-90.067222,Cajun; Casual
compere-lapin,Compère Lapin,29.9479,-90.0673,Creole; Caribbean; Fine Dining
st-james-cheese-company,St. James Cheese Company,29.946764,-90.067491,Sandwiches; Cheese; Casual
mister-oso,Mister Oso,29.948541,-90.067357,Mexican; Tacos; Bar
commons-club,Commons Club,29.949423,-90.073176,Brunch; Live Music; Bar
plates-restaurant-bar,plates restaurant & bar,29.935937,-90.069367,Tapas; Seafood
sofia-nola,Sofia,29.948015,-90.071135,Italian; Casual
briquette,Briquette,29.946043,-90.066086,Seafood; Fine Dining
galliano,Galliano,29.944251,-90.064894,Seafood; Fine Dining
vyoones,Vyoone's,29.946465,-90.067782,French; Fine Dining
grand-isle,Grand Isle,29.947156,-90.064909,Seafood
pluck-wine-bar,Pluck Wine Bar,29.947418,-90.071940,Wine Bar; Cheese
baroness-on-baronne,Baroness on Baronne,29.945678,-90.074294,Cajun; Creole; Craft Cocktails
wino,Wine Institute of New Orleans (W.I.N.O.),29.947198,-90.067184,Wine Bar
sidecar-nola,Sidecar NOLA Patio & Oyster Bar,29.948975,-90.074774,Seafood; Oysters; Craft Cocktails
the-fillmore-nola,The Fillmore,29.949823,-90.064361,Live Music
republic-nola,Republic,29.944133,-90.065700,Live Music; Dance Club
rosies-on-the-roof,Rosie's on the Roof,29.942157,-90.069670,Rooftop Bar; Live Music
bar-metier,Bar Métier,29.949213,-90.071937,Craft Cocktails; Hotel Bar
the-pool-club,The Pool Club,29.949423,-90.073176,Rooftop Bar
high-five,High Five,29.938414,-90.079338,Rooftop Bar
seaworthy,Seaworthy,29.947899,-90.072309,Seafood; Oysters; Craft Cocktails
domenica,Domenica,29.953920,-90.071730,Italian; Pizza
morrow-steak,Morrow Steak,29.946858,-90.075483,Steakhouse
tommys-cuisine,Tommy's Cuisine,29.945088,-90.067269,Italian; Creole; Fine Dining
tommys-wine-bar,Tommy's Wine Bar,29.945165,-90.067273,Wine Bar
ernst-cafe,Ernst Cafe,29.947134,-90.065753,Historic Bar; Casual
the-rusty-nail,The Rusty Nail,29.940775,-90.069257,Bar; Whiskey
american-sector,American Sector,29.942175,-90.070420,American; Casual
marias-oyster-wine-bar,Maria's Oyster & Wine Bar,29.945174,-90.067284,Seafood; Oysters; Wine Bar
rio-mar,Rio Mar,29.944435,-90.065680,Seafood; Latin American
the-howlin-wolf,The Howlin' Wolf,29.942639,-90.065972,Live Music; Bar
snug-harbor,Snug Harbor,29.9641,-90.0579,Live Music; Jazz; Creole
13-monaghan,13 Monaghan,29.96295,-90.05751,Bar; Late Night; Vegan-friendly
cafe-rose-nicaud,Cafe Rose Nicaud,29.96428,-90.05794,Cafe; Coffee
cake-cafe,Cake Cafe,29.963739,-90.053044,Bakery; Sandwiches
flora-gallery-coffee-shop,Flora Gallery and Coffee Shop,29.96474,-90.05129,Coffee; Cafe
monas,Mona's,29.962585,-90.057767,Middle Eastern
whodat-coffee,WhoDat Coffee,29.96687,-90.05409,Coffee
breakaways-rb,Breakaway's R&B,29.965995,-90.051262,Creole; Cookhouse
alois-j-binder-bakery,Alois J. Binder Bakery,29.96735,-90.05825,Bakery
the-orange-couch,The Orange Couch,29.96494,-90.0543,Coffee; Cafe
adolfos,Adolfo's,29.96386,-90.05759,Italian; Casual
feelings-cafe,Feelings Cafe,29.96382,-90.05163,Piano Bar; Courtyard
marigny-brasserie,Marigny Brasserie,29.9644,-90.05794,Creole; Wine Bar; Live Music
praline-connection,Praline Connection,29.96341,-90.05788,Creole; Soul Food
sukho-thai,Sukho Thai,29.9645,-90.0591,Thai
wasabi-marigny,Wasabi,29.96665,-90.05819,Sushi; Japanese
allways-lounge,The AllWays Lounge & Cabaret,29.96853,-90.05572,Live Music; Cabaret; Theater
dragons-den,Dragon's Den,29.96233,-90.05754,Live Music; Bar
friendly-bar,Friendly Bar,29.96382,-90.05501,Gay Bar; Dive Bar
iggys,Iggy's,29.96761,-90.05938,Bar; Casual
the-john,The John,29.96638,-90.05816,Dive Bar; Rockabilly
mimis-in-the-marigny,Mimi's in the Marigny,29.96494,-90.05124,Bar; Billiards; Tapas; DJ
phoenix-bar,Phoenix,29.96748,-90.05648,Gay Bar; Late Night
buffas-lounge,Buffa's Lounge,29.96546,-90.0626,Live Music; Bar; Jazz Brunch
checkpoint-charlies,Checkpoint Charlies,29.96224,-90.05798,Dive Bar; Live Music; Pool
ayu-bakehouse,Ayu Bakehouse,29.965584,-90.057827,Bakery; Cafe; Coffee
evviva,Evviva,29.965880,-90.053257,Mediterranean; Italian
budsis-thai,Budsi's Authentic Thai,29.966005,-90.051273,Thai
dat-dog-marigny,Dat Dog,29.963672,-90.057676,Hot Dogs; Bar
morrows,Morrow's,29.968775,-90.051082,Creole; Brunch
kajuns-pub,Kajun's Pub,29.968543,-90.054961,Karaoke Bar; Live Music
paladar-511,Paladar 511,29.962795,-90.054939,Italian; Pizza; Seafood
spicy-mango,Spicy Mango,29.961939,-90.057523,Caribbean
habibi-lebanese,Habibi Lebanese Grill & Wine Bar,29.965060,-90.051954,Middle Eastern; Wine Bar
royal-woodfired-pizza,Royal's Woodfire Pizza,29.965060,-90.051954,Pizza
melange-marigny,Mélange,29.963438,-90.057504,New American
30-90,30°/-90°,29.963063,-90.057809,Live Music; Bar
dooky-chases,Dooky Chase's Restaurant,29.968222,-90.078492,Historic Restaurant; Creole; Soul Food
willie-maes-scotch-house,Willie Mae's Scotch House,29.969167,-90.078889,Historic Restaurant; Soul Food; Fried Chicken
lil-dizzys-cafe,Lil Dizzy's Cafe,29.968682,-90.067866,Creole; Soul Food; Casual
wing-shack,Wing Shack,29.964782,-90.07322,Wings; Casual
treme-coffeehouse,Tremé Coffeehouse,29.965434,-90.069536,Coffee; Cafe
candlelight-lounge,Candlelight Lounge,29.965557,-90.070692,Live Music; Jazz; Bar
mother-in-law-lounge,Mother-in-Law Lounge,29.970944,-90.066778,Live Music; Dive Bar; BBQ
vaucressons-creole-cafe,Vaucresson's Creole Cafe & Deli,29.97458,-90.06702,Creole; Sausage; Casual
fatmas-cozy-corner,Fatma's Cozy Corner,29.968071,-90.068134,Cafe; Breakfast
ooh-poo-pah-doo-bar,Ooh Poo Pah Doo Bar,29.967919,-90.073222,Dive Bar; Neighborhood Bar
lost-coyote,Lost Coyote,29.963714,-90.060263,New American; Louisiana Cuisine
old-absinthe-house,Old Absinthe House,29.955358,-90.068434,Historic Bar; Craft Cocktails
